{"cameraMode":{"drawMode":0,"name":"Shaded","section":"Shading Mode"},"sceneLighting":true,"audioPlay":false,"sceneViewState":{"m_AlwaysRefresh":false,"showFog":true,"showSkybox":true,"showFlares":true,"showImageEffects":true,"showParticleSystems":true,"showVisualEffectGraphs":true,"m_FxEnabled":true},"in2DMode":false,"pivot":{"x":0.03849911689758301,"y":2.791138172149658,"z":-3.0700340270996095},"rotation":{"x":-0.16778653860092164,"y":0.1176944300532341,"z":-0.02017996460199356,"w":-0.9785702228546143},"size":2.8071510791778566,"orthographic":false}